TDS Daily run: Sun Jun 22 15:19:28 UTC 2025 TDS
TDS Daily run: Mon Jun 23 04:47:34 UTC 2025 TDS
TDS Daily run: Tue Jun 24 04:43:39 UTC 2025 TDS
TDS Daily run: Wed Jun 25 04:43:48 UTC 2025 TDS
TDS Daily run: Thu Jun 26 04:43:37 UTC 2025 TDS
TDS Daily run: Fri Jun 27 04:43:00 UTC 2025 TDS
TDS Daily run: Sat Jun 28 04:41:47 UTC 2025 TDS
TDS Daily run: Sun Jun 29 04:50:16 UTC 2025 TDS
TDS Daily run: Mon Jun 30 04:46:55 UTC 2025 TDS
TDS Daily run: Tue Jul  1 04:50:19 UTC 2025 TDS
TDS Daily run: Wed Jul  2 04:43:46 UTC 2025 TDS
TDS Daily run: Thu Jul  3 04:47:19 UTC 2025 TDS
TDS Daily run: Fri Jul  4 04:45:01 UTC 2025 TDS
TDS Daily run: Sat Jul  5 04:42:11 UTC 2025 TDS
TDS Daily run: Sun Jul  6 04:46:02 UTC 2025 TDS
TDS Daily run: Mon Jul  7 04:47:35 UTC 2025 TDS
TDS Daily run: Tue Jul  8 04:43:43 UTC 2025 TDS
TDS Daily run: Wed Jul  9 04:48:11 UTC 2025 TDS
TDS Daily run: Thu Jul 10 04:45:46 UTC 2025 TDS
TDS Daily run: Fri Jul 11 04:49:58 UTC 2025 TDS
TDS Daily run: Sat Jul 12 04:44:23 UTC 2025 TDS
TDS Daily run: Sun Jul 13 04:49:24 UTC 2025 TDS
TDS Daily run: Mon Jul 14 04:53:05 UTC 2025 TDS
TDS Daily run: Tue Jul 15 04:51:35 UTC 2025 TDS
TDS Daily run: Wed Jul 16 04:51:47 UTC 2025 TDS
TDS Daily run: Thu Jul 17 04:51:27 UTC 2025 TDS
TDS Daily run: Fri Jul 18 04:53:43 UTC 2025 TDS
TDS Daily run: Sat Jul 19 04:44:39 UTC 2025 TDS
TDS Daily run: Sun Jul 20 04:53:32 UTC 2025 TDS
TDS Daily run: Mon Jul 21 04:54:43 UTC 2025 TDS
TDS Daily run: Tue Jul 22 04:51:50 UTC 2025 TDS
TDS Daily run: Wed Jul 23 04:53:45 UTC 2025 TDS
TDS Daily run: Thu Jul 24 04:52:22 UTC 2025 TDS
TDS Daily run: Fri Jul 25 04:53:42 UTC 2025 TDS
TDS Daily run: Sat Jul 26 04:50:03 UTC 2025 TDS
TDS Daily run: Sun Jul 27 04:54:20 UTC 2025 TDS
TDS Daily run: Mon Jul 28 04:56:44 UTC 2025 TDS
TDS Daily run: Tue Jul 29 04:58:29 UTC 2025 TDS
TDS Daily run: Wed Jul 30 04:55:54 UTC 2025 TDS
TDS Daily run: Thu Jul 31 04:54:18 UTC 2025 TDS
TDS Daily run: Fri Aug  1 05:02:22 UTC 2025 TDS
TDS Daily run: Sat Aug  2 04:49:46 UTC 2025 TDS
TDS Daily run: Sun Aug  3 04:57:47 UTC 2025 TDS
TDS Daily run: Mon Aug  4 05:06:53 UTC 2025 TDS
TDS Daily run: Tue Aug  5 04:58:36 UTC 2025 TDS
TDS Daily run: Wed Aug  6 04:56:31 UTC 2025 TDS
TDS Daily run: Thu Aug  7 04:56:26 UTC 2025 TDS
TDS Daily run: Fri Aug  8 04:56:11 UTC 2025 TDS
